<?xml version="1.0" encoding="utf-8"?>
<!--/407012/1490449/2.50/3/3/Connector/-->
<quadcept_library>
  <setting unit="mil" />
  <textstyle name="Default" height="47.244094488189" strokewidth="7.8740157480315" charwidth="47.244094488189" />
  <textstyle name="Dimension" height="19.6850393700787" strokewidth="0" charwidth="19.6850393700787" />
  <textstyle name="H127W0635TH00762" height="50" strokewidth="3" charwidth="25" />
  <textstyle name="H15W15TH02" height="59.0551181102362" strokewidth="7.8740157480315" charwidth="59.0551181102362" />
  <padstyle name="r155_60" surface="True" plated="False" isvia="False" nopaste="False" nomask="True" complex="False" holesize="0">
    <padshape layer="TOP" shape="rectangle" width="23.622047244094" height="61.023622047243" />
    <padshape layer="TOP_SOLDER_MASK" shape="rectangle" width="31.496062992126" height="68.897637795275" />
    <padshape layer="TOP_SOLDER_PASTE" shape="rectangle" width="23.622047244094" height="61.023622047243" />
  </padstyle>
  <padstyle name="r180_120" surface="True" plated="False" isvia="False" nopaste="False" nomask="True" complex="False" holesize="0">
    <padshape layer="TOP" shape="rectangle" width="47.244094488188" height="70.866141732283" />
    <padshape layer="TOP_SOLDER_MASK" shape="rectangle" width="55.11811023622" height="78.740157480314" />
    <padshape layer="TOP_SOLDER_PASTE" shape="rectangle" width="47.244094488188" height="70.866141732283" />
  </padstyle>
  <footprint name="BM03B-SRSS-TB" originx="0" originy="0" pickpointx="0" pickpointy="0">
    <pcbpin number="1" name="1" style="r155_60" originx="-137.79527559055" originy="-15.354330708661" rotation="0" />
    <pcbpin number="2" name="2" style="r155_60" originx="-98.425196850392" originy="-15.354330708661" rotation="0" />
    <pcbpin number="3" name="3" style="r155_60" originx="-59.055118110235" originy="-15.354330708661" rotation="0" />
    <pcbpin number="4" name="4" style="r180_120" originx="-188.97637795275" originy="88.976377952755" rotation="0" />
    <pcbpin number="5" name="5" style="r180_120" originx="-7.8740157480314" originy="88.976377952755" rotation="0" />
    <line layer="TOP_ASSEMBLY" originx="-196.85039370078" originy="114.17322834646" endx="0" endy="114.17322834646" width="9.9999999999999" />
    <line layer="TOP_ASSEMBLY" originx="0" originy="114.17322834646" endx="0" endy="0" width="9.9999999999999" />
    <line layer="TOP_ASSEMBLY" originx="0" originy="0" endx="-196.85039370078" endy="0" width="9.9999999999999" />
    <line layer="TOP_ASSEMBLY" originx="-196.85039370078" originy="0" endx="-196.85039370078" endy="114.17322834646" width="9.9999999999999" />
    <line layer="TOP_SILKSCREEN" originx="-151.25984251968" originy="114.17322834646" endx="-44.488188976377" endy="114.17322834646" width="9.9999999999999" />
    <line layer="TOP_SILKSCREEN" originx="-196.85039370078" originy="0" endx="-196.85039370078" endy="39.370078740157" width="9.9999999999999" />
    <line layer="TOP_SILKSCREEN" originx="0" originy="0" endx="0" endy="39.370078740157" width="9.9999999999999" />
    <line layer="TOP_SILKSCREEN" originx="0" originy="0" endx="-38.740157480314" endy="0" width="9.9999999999999" />
    <line layer="TOP_SILKSCREEN" originx="-196.85039370078" originy="0" endx="-158.62204724409" endy="0" width="9.9999999999999" />
    <arc layer="TOP_SILKSCREEN" originx="-160.31496062992" originy="-47.952755905511" startangle="180" sweepangle="180" radius="2.3665354330708" width="9.9999999999999" />
    <arc layer="TOP_SILKSCREEN" originx="-160.31496062992" originy="-47.952755905511" startangle="180" sweepangle="-180" radius="2.3665354330708" width="9.9999999999999" />
  </footprint>
  <symbol name="BM03B-SRSS-TB_LFSN_" originx="0" originy="0">
    <line originx="200" originy="100" endx="600" endy="100" width="0" />
    <line originx="600" originy="-200" endx="600" endy="100" width="0" />
    <line originx="600" originy="-200" endx="200" endy="-200" width="0" />
    <line originx="200" originy="100" endx="200" endy="-200" width="0" />
    <sympin number="1" originx="200" originy="0" rotation="180" length="100" width="7.8740157480315" flipped="False">
      <text name="pinname" originx="230" originy="0" style="Default" rotation="0" justify="left" flipped="False" hidden="False" data="1" />
      <text name="pindes" originx="140" originy="20" style="Default" rotation="0" justify="lowerright" flipped="False" hidden="False" data="1" />
    </sympin>
    <sympin number="2" originx="200" originy="-100" rotation="180" length="100" width="7.8740157480315" flipped="False">
      <text name="pinname" originx="230" originy="-100" style="Default" rotation="0" justify="left" flipped="False" hidden="False" data="2" />
      <text name="pindes" originx="140" originy="-80" style="Default" rotation="0" justify="lowerright" flipped="False" hidden="False" data="2" />
    </sympin>
    <sympin number="3" originx="600" originy="0" rotation="0" length="100" width="7.8740157480315" flipped="False">
      <text name="pinname" originx="570" originy="0" style="Default" rotation="0" justify="right" flipped="False" hidden="False" data="3" />
      <text name="pindes" originx="660" originy="20" style="Default" rotation="0" justify="lowerleft" flipped="False" hidden="False" data="3" />
    </sympin>
  </symbol>
  <component name="BM03B-SRSS-TB_LFSN_" designatorprefix="J" height="0" footprint="BM03B-SRSS-TB">
    <comppin designator="1" sympin="1" pinswap="0" gateswap="0" gate="1" group="1" side="" type="Any" name="1" />
    <comppin designator="2" sympin="2" pinswap="0" gateswap="0" gate="1" group="1" side="" type="Any" name="2" />
    <comppin designator="3" sympin="3" pinswap="0" gateswap="0" gate="1" group="1" side="" type="Any" name="3" />
    <attached_symbol gate="1" name="BM03B-SRSS-TB_LFSN_" />
    <pinmap designator="1" footprintpin="1" />
    <pinmap designator="2" footprintpin="2" />
    <pinmap designator="3" footprintpin="3" />
    <text name="Datasheet" originx="0" originy="0" style="Default" rotation="0" justify="" flipped="False" hidden="True" data="" />
    <text name="Description" originx="0" originy="0" style="Default" rotation="0" justify="" flipped="False" hidden="True" data="JST SH Series, 1mm Pitch 3 Way 1 Row Straight PCB Header, Solder Termination, 1A" />
    <text name="Manufacturer_Name" originx="0" originy="0" style="Default" rotation="0" justify="" flipped="False" hidden="True" data="JST (JAPAN SOLDERLESS TERMINALS)" />
    <text name="Manufacturer_Part_Number" originx="650" originy="200" style="Default" rotation="0" justify="left" flipped="False" hidden="False" data="BM03B-SRSS-TB(LFSN)" />
    <text name="Mouser Part Number" originx="0" originy="0" style="Default" rotation="0" justify="" flipped="False" hidden="True" data="" />
    <text name="Mouser Price/Stock" originx="0" originy="0" style="Default" rotation="0" justify="" flipped="False" hidden="True" data="" />
    <text name="Arrow Part Number" originx="0" originy="0" style="Default" rotation="0" justify="" flipped="False" hidden="True" data="" />
    <text name="Arrow Price/Stock" originx="0" originy="0" style="Default" rotation="0" justify="" flipped="False" hidden="True" data="" />
  </component>
</quadcept_library>
