<?xml version="1.0" encoding="utf-8"?>
<!--/464641/1490449/2.50/2/3/Inductor/-->
<quadcept_library>
  <setting unit="mil" />
  <textstyle name="Default" height="47.244094488189" strokewidth="7.8740157480315" charwidth="47.244094488189" />
  <textstyle name="Dimension" height="19.6850393700787" strokewidth="0" charwidth="19.6850393700787" />
  <textstyle name="H127W0635TH00762" height="50" strokewidth="3" charwidth="25" />
  <textstyle name="H15W15TH02" height="59.0551181102362" strokewidth="7.8740157480315" charwidth="59.0551181102362" />
  <padstyle name="r410_215" surface="True" plated="False" isvia="False" nopaste="False" nomask="True" complex="False" holesize="0">
    <padshape layer="TOP" shape="rectangle" width="84.645669291338" height="161.41732283464" />
    <padshape layer="TOP_SOLDER_MASK" shape="rectangle" width="92.519685039369" height="169.29133858268" />
    <padshape layer="TOP_SOLDER_PASTE" shape="rectangle" width="84.645669291338" height="161.41732283464" />
  </padstyle>
  <footprint name="INDPM5050X200N" originx="0" originy="0" pickpointx="0" pickpointy="0">
    <pcbpin number="1" name="1" style="r410_215" originx="-80.708661417322" originy="0" rotation="0" />
    <pcbpin number="2" name="2" style="r410_215" originx="80.708661417322" originy="0" rotation="0" />
    <line layer="TOP_PLACE_BOUND" originx="-132.87401574803" originy="112.20472440945" endx="132.87401574803" endy="112.20472440945" width="1.9685039370079" />
    <line layer="TOP_PLACE_BOUND" originx="132.87401574803" originy="112.20472440945" endx="132.87401574803" endy="-112.20472440945" width="1.9685039370079" />
    <line layer="TOP_PLACE_BOUND" originx="132.87401574803" originy="-112.20472440945" endx="-132.87401574803" endy="-112.20472440945" width="1.9685039370079" />
    <line layer="TOP_PLACE_BOUND" originx="-132.87401574803" originy="-112.20472440945" endx="-132.87401574803" endy="112.20472440945" width="1.9685039370079" />
    <line layer="TOP_ASSEMBLY" originx="-98.425196850392" originy="98.425196850392" endx="98.425196850392" endy="98.425196850392" width="3.9370078740157" />
    <line layer="TOP_ASSEMBLY" originx="98.425196850392" originy="98.425196850392" endx="98.425196850392" endy="-98.425196850392" width="3.9370078740157" />
    <line layer="TOP_ASSEMBLY" originx="98.425196850392" originy="-98.425196850392" endx="-98.425196850392" endy="-98.425196850392" width="3.9370078740157" />
    <line layer="TOP_ASSEMBLY" originx="-98.425196850392" originy="-98.425196850392" endx="-98.425196850392" endy="98.425196850392" width="3.9370078740157" />
    <line layer="TOP_SILKSCREEN" originx="98.425196850392" originy="98.425196850392" endx="-98.425196850392" endy="98.425196850392" width="7.8740157480314" />
    <line layer="TOP_SILKSCREEN" originx="-98.425196850392" originy="-98.425196850392" endx="98.425196850392" endy="-98.425196850392" width="7.8740157480314" />
  </footprint>
  <symbol name="74404052047" originx="0" originy="0">
    <arc originx="250" originy="-2" startangle="177.7" sweepangle="-175.4" radius="50" width="0" />
    <arc originx="350" originy="-2" startangle="177.7" sweepangle="-175.4" radius="50" width="0" />
    <arc originx="450" originy="-2" startangle="177.7" sweepangle="-175.4" radius="50" width="0" />
    <arc originx="550" originy="-2" startangle="177.7" sweepangle="-175.4" radius="50" width="0" />
    <sympin number="1" originx="200" originy="0" rotation="180" length="100" width="7.8740157480315" flipped="False">
      <text name="pinname" originx="0" originy="-10" style="Default" rotation="0" justify="upperleft" flipped="False" hidden="True" data="1" />
      <text name="pindes" originx="0" originy="10" style="Default" rotation="0" justify="lowerleft" flipped="False" hidden="False" data="1" />
    </sympin>
    <sympin number="2" originx="600" originy="0" rotation="0" length="100" width="7.8740157480315" flipped="False">
      <text name="pinname" originx="800" originy="-10" style="Default" rotation="0" justify="upperright" flipped="False" hidden="True" data="2" />
      <text name="pindes" originx="800" originy="10" style="Default" rotation="0" justify="lowerright" flipped="False" hidden="False" data="2" />
    </sympin>
  </symbol>
  <component name="74404052047" designatorprefix="L" height="78.740157480314" footprint="INDPM5050X200N">
    <comppin designator="1" sympin="1" pinswap="0" gateswap="0" gate="1" group="1" side="" type="Any" name="1" />
    <comppin designator="2" sympin="2" pinswap="0" gateswap="0" gate="1" group="1" side="" type="Any" name="2" />
    <attached_symbol gate="1" name="74404052047" />
    <pinmap designator="1" footprintpin="1" />
    <pinmap designator="2" footprintpin="2" />
    <text name="Datasheet" originx="0" originy="0" style="Default" rotation="0" justify="" flipped="False" hidden="True" data="https://www.we-online.com/catalog/datasheet/74404052047.pdf" />
    <text name="Description" originx="0" originy="0" style="Default" rotation="0" justify="" flipped="False" hidden="True" data="Wurth WE-LQS Series Shielded Wire-wound SMD Inductor 4.7 uH Moulded 2.3A Idc" />
    <text name="Manufacturer_Name" originx="0" originy="0" style="Default" rotation="0" justify="" flipped="False" hidden="True" data="Wurth Elektronik" />
    <text name="Manufacturer_Part_Number" originx="650" originy="150" style="Default" rotation="0" justify="left" flipped="False" hidden="False" data="74404052047" />
    <text name="Mouser Part Number" originx="0" originy="0" style="Default" rotation="0" justify="" flipped="False" hidden="True" data="710-74404052047" />
    <text name="Mouser Price/Stock" originx="0" originy="0" style="Default" rotation="0" justify="" flipped="False" hidden="True" data="https://www.mouser.co.uk/ProductDetail/Wurth-Elektronik/74404052047?qs=HXx4m3XcTe3PWRKQiM%2F8dA%3D%3D" />
    <text name="Arrow Part Number" originx="0" originy="0" style="Default" rotation="0" justify="" flipped="False" hidden="True" data="" />
    <text name="Arrow Price/Stock" originx="0" originy="0" style="Default" rotation="0" justify="" flipped="False" hidden="True" data="" />
  </component>
</quadcept_library>
