<?xml version="1.0" encoding="utf-8"?>
<!--/325661/1490449/2.50/4/4/Switch/-->
<quadcept_library>
  <setting unit="mil" />
  <textstyle name="Default" height="47.244094488189" strokewidth="7.8740157480315" charwidth="47.244094488189" />
  <textstyle name="Dimension" height="19.6850393700787" strokewidth="0" charwidth="19.6850393700787" />
  <textstyle name="H127W0635TH00762" height="50" strokewidth="3" charwidth="25" />
  <textstyle name="H15W15TH02" height="59.0551181102362" strokewidth="7.8740157480315" charwidth="59.0551181102362" />
  <padstyle name="r155_130" surface="True" plated="False" isvia="False" nopaste="False" nomask="True" complex="False" holesize="0">
    <padshape layer="TOP" shape="rectangle" width="51.181102362204" height="61.023622047243" />
    <padshape layer="TOP_SOLDER_MASK" shape="rectangle" width="59.055118110235" height="68.897637795275" />
    <padshape layer="TOP_SOLDER_PASTE" shape="rectangle" width="51.181102362204" height="61.023622047243" />
  </padstyle>
  <footprint name="430182070816" originx="0" originy="0" pickpointx="0" pickpointy="0">
    <pcbpin number="1" name="1" style="r155_130" originx="-156.49606299212" originy="88.582677165353" rotation="90" />
    <pcbpin number="2" name="2" style="r155_130" originx="-156.49606299212" originy="-88.582677165353" rotation="90" />
    <pcbpin number="3" name="3" style="r155_130" originx="156.49606299212" originy="88.582677165353" rotation="90" />
    <pcbpin number="4" name="4" style="r155_130" originx="156.49606299212" originy="-88.582677165353" rotation="90" />
    <line layer="TOP_ASSEMBLY" originx="-122.04724409449" originy="122.04724409449" endx="122.04724409449" endy="122.04724409449" width="7.8740157480314" />
    <line layer="TOP_ASSEMBLY" originx="122.04724409449" originy="122.04724409449" endx="122.04724409449" endy="-122.04724409449" width="7.8740157480314" />
    <line layer="TOP_ASSEMBLY" originx="122.04724409449" originy="-122.04724409449" endx="-122.04724409449" endy="-122.04724409449" width="7.8740157480314" />
    <line layer="TOP_ASSEMBLY" originx="-122.04724409449" originy="-122.04724409449" endx="-122.04724409449" endy="122.04724409449" width="7.8740157480314" />
    <line layer="TOP_PLACE_BOUND" originx="-251.968503937" originy="161.41732283464" endx="226.3779527559" endy="161.41732283464" width="3.9370078740157" />
    <line layer="TOP_PLACE_BOUND" originx="226.3779527559" originy="161.41732283464" endx="226.3779527559" endy="-161.41732283464" width="3.9370078740157" />
    <line layer="TOP_PLACE_BOUND" originx="226.3779527559" originy="-161.41732283464" endx="-251.968503937" endy="-161.41732283464" width="3.9370078740157" />
    <line layer="TOP_PLACE_BOUND" originx="-251.968503937" originy="-161.41732283464" endx="-251.968503937" endy="161.41732283464" width="3.9370078740157" />
    <line layer="TOP_SILKSCREEN" originx="-122.04724409449" originy="47.244094488188" endx="-122.04724409449" endy="-47.244094488188" width="3.9370078740157" />
    <line layer="TOP_SILKSCREEN" originx="122.04724409449" originy="47.244094488188" endx="122.04724409449" endy="-47.244094488188" width="3.9370078740157" />
    <line layer="TOP_SILKSCREEN" originx="-110.23622047244" originy="122.04724409449" endx="110.23622047244" endy="122.04724409449" width="3.9370078740157" />
    <line layer="TOP_SILKSCREEN" originx="-110.23622047244" originy="-122.04724409449" endx="110.23622047244" endy="-122.04724409449" width="3.9370078740157" />
    <line layer="TOP_SILKSCREEN" originx="-212.59842519685" originy="86.614173228345" endx="-212.59842519685" endy="86.614173228345" width="3.9370078740157" />
    <arc layer="TOP_SILKSCREEN" originx="-210.62992125984" originy="86.614173228345" startangle="180.0" sweepangle="180.0" radius="1.9685039370079" width="3.9370078740157" />
    <line layer="TOP_SILKSCREEN" originx="-208.66141732283" originy="86.614173228345" endx="-208.66141732283" endy="86.614173228345" width="3.9370078740157" />
    <arc layer="TOP_SILKSCREEN" originx="-210.62992125984" originy="86.614173228345" startangle=".0" sweepangle="180.0" radius="1.9685039370079" width="3.9370078740157" />
  </footprint>
  <symbol name="430182070816" originx="0" originy="0">
    <line originx="200" originy="100" endx="1000" endy="100" width="0" />
    <line originx="1000" originy="-200" endx="1000" endy="100" width="0" />
    <line originx="1000" originy="-200" endx="200" endy="-200" width="0" />
    <line originx="200" originy="100" endx="200" endy="-200" width="0" />
    <sympin number="1" originx="200" originy="0" rotation="180" length="100" width="7.8740157480315" flipped="False">
      <text name="pinname" originx="230" originy="0" style="Default" rotation="0" justify="left" flipped="False" hidden="False" data="COM_1" />
      <text name="pindes" originx="140" originy="20" style="Default" rotation="0" justify="lowerright" flipped="False" hidden="False" data="1" />
    </sympin>
    <sympin number="2" originx="200" originy="-100" rotation="180" length="100" width="7.8740157480315" flipped="False">
      <text name="pinname" originx="230" originy="-100" style="Default" rotation="0" justify="left" flipped="False" hidden="False" data="NO_1" />
      <text name="pindes" originx="140" originy="-80" style="Default" rotation="0" justify="lowerright" flipped="False" hidden="False" data="2" />
    </sympin>
    <sympin number="3" originx="1000" originy="0" rotation="0" length="100" width="7.8740157480315" flipped="False">
      <text name="pinname" originx="970" originy="0" style="Default" rotation="0" justify="right" flipped="False" hidden="False" data="COM_2" />
      <text name="pindes" originx="1060" originy="20" style="Default" rotation="0" justify="lowerleft" flipped="False" hidden="False" data="3" />
    </sympin>
    <sympin number="4" originx="1000" originy="-100" rotation="0" length="100" width="7.8740157480315" flipped="False">
      <text name="pinname" originx="970" originy="-100" style="Default" rotation="0" justify="right" flipped="False" hidden="False" data="NO_2" />
      <text name="pindes" originx="1060" originy="-80" style="Default" rotation="0" justify="lowerleft" flipped="False" hidden="False" data="4" />
    </sympin>
  </symbol>
  <component name="430182070816" designatorprefix="S" height="281.49606299212" footprint="430182070816">
    <comppin designator="1" sympin="1" pinswap="0" gateswap="0" gate="1" group="1" side="" type="Any" name="COM_1" />
    <comppin designator="2" sympin="2" pinswap="0" gateswap="0" gate="1" group="1" side="" type="Any" name="NO_1" />
    <comppin designator="3" sympin="3" pinswap="0" gateswap="0" gate="1" group="1" side="" type="Any" name="COM_2" />
    <comppin designator="4" sympin="4" pinswap="0" gateswap="0" gate="1" group="1" side="" type="Any" name="NO_2" />
    <attached_symbol gate="1" name="430182070816" />
    <pinmap designator="1" footprintpin="1" />
    <pinmap designator="2" footprintpin="2" />
    <pinmap designator="3" footprintpin="3" />
    <pinmap designator="4" footprintpin="4" />
    <text name="Datasheet" originx="0" originy="0" style="Default" rotation="0" justify="" flipped="False" hidden="True" data="https://datasheet.datasheetarchive.com/originals/distributors/DKDS-9/165015.pdf" />
    <text name="Description" originx="0" originy="0" style="Default" rotation="0" justify="" flipped="False" hidden="True" data="WURTH ELEKTRONIK - 430182070816 - SWITCH, 160GF, 6X6MM,SMD, 7MM ACT" />
    <text name="Manufacturer_Name" originx="0" originy="0" style="Default" rotation="0" justify="" flipped="False" hidden="True" data="Wurth Elektronik" />
    <text name="Manufacturer_Part_Number" originx="1050" originy="200" style="Default" rotation="0" justify="left" flipped="False" hidden="False" data="430182070816" />
    <text name="Mouser Part Number" originx="0" originy="0" style="Default" rotation="0" justify="" flipped="False" hidden="True" data="710-430182070816" />
    <text name="Mouser Price/Stock" originx="0" originy="0" style="Default" rotation="0" justify="" flipped="False" hidden="True" data="https://www.mouser.co.uk/ProductDetail/Wurth-Elektronik/430182070816?qs=wr8lucFkNMXtq9RwGFkUbg%3D%3D" />
    <text name="Arrow Part Number" originx="0" originy="0" style="Default" rotation="0" justify="" flipped="False" hidden="True" data="" />
    <text name="Arrow Price/Stock" originx="0" originy="0" style="Default" rotation="0" justify="" flipped="False" hidden="True" data="" />
  </component>
</quadcept_library>
